{"cameraMode":{"drawMode":0,"name":"Shaded","section":"Shading Mode"},"sceneLighting":true,"audioPlay":false,"sceneViewState":{"showFog":true,"showMaterialUpdate":false,"showSkybox":true,"showFlares":true,"showImageEffects":true,"showParticleSystems":true},"in2DMode":false,"pivot":{"x":-0.29113873839378359,"y":1.1471997499465943,"z":1.7386131286621094},"rotation":{"x":-0.0726829394698143,"y":0.0095181530341506,"z":-0.0007055562455207109,"w":-0.9973589181900024},"size":2.36602520942688,"orthographic":false}